ID,Video Title,thumbnail_url,Views,Likes,classification
O7dF6mHIJ7I,The Best I Can -The Walking Dead pole dance - Teresa Rodríguez,https://i.ytimg.com/vi/O7dF6mHIJ7I/hqdefault.jpg,3957,58.0,0
NjqhY4zXxAs,"GermanLetsPlay´s Video ""MINECRAFT-DER LANGE GANG"" Überarbeitet",https://i.ytimg.com/vi/NjqhY4zXxAs/hqdefault.jpg,1743,19.0,0
yDkqy0ODBMU,Matéria   2013 06 09   Reclamação Consumidor   Consórcio Shineray WMV V8,https://i.ytimg.com/vi/yDkqy0ODBMU/hqdefault.jpg,5562,23.0,0
AhB0jpdNbSQ,How to Heat Back Window (accord 92),https://i.ytimg.com/vi/AhB0jpdNbSQ/hqdefault.jpg,3385,29.0,0
4C2FexfDRpg,"1996 Dodge Ram 2500,AT,12valve 5.9L Cummins Diesel Engine S",https://i.ytimg.com/vi/4C2FexfDRpg/hqdefault.jpg,13750,17.0,0
ka2AvkVcfCY,"CERVECEROS DE MEOQUI, Juego de estrellas 2015",https://i.ytimg.com/vi/ka2AvkVcfCY/hqdefault.jpg,2215,9.0,0
_f2kxSWhTAE,THOMAS VACCARI Flashy Bags,https://i.ytimg.com/vi/_f2kxSWhTAE/hqdefault.jpg,2927,50.0,0
8GSaQtPhuC0,Coppie mambo Centro Dance Lady Roby 2009,https://i.ytimg.com/vi/8GSaQtPhuC0/hqdefault.jpg,1757,0.0,0
cRqfjgYTGqY,BounceFX wall spring tutorial- done by EGGOS,https://i.ytimg.com/vi/cRqfjgYTGqY/hqdefault.jpg,6410,35.0,1
ae11-ECY2Vk,Zaz - Je veux (Stadtpark Hamburg 9.8.13),https://i.ytimg.com/vi/ae11-ECY2Vk/hqdefault.jpg,1738,4.0,0
Sdmi0jV7YAY,40. YIL - BARIŞ MANÇO (BÜYÜK ORKESTRA),https://i.ytimg.com/vi/Sdmi0jV7YAY/hqdefault.jpg,1944,11.0,0
I3rLo_lbwOc,Sandwich facile au thon ------- ساندويتش سهل وسريع بالتونة,https://i.ytimg.com/vi/I3rLo_lbwOc/hqdefault.jpg,102632,1585.0,1
IU7mSPiC81k,how to put music on your psp from itunes,https://i.ytimg.com/vi/IU7mSPiC81k/hqdefault.jpg,46168,38.0,0
ZuzSnC6o6ZU,Crucifixion Match - The Bruiser VS Eliza Raven - CHW Backyard Wrestling,https://i.ytimg.com/vi/ZuzSnC6o6ZU/hqdefault.jpg,92902,422.0,0
64A8D4ti60A,Combate deTae kwuan do (TORNEO en Ciudad de México),https://i.ytimg.com/vi/64A8D4ti60A/hqdefault.jpg,2130,0.0,0
BjLuzdSPHyg,How To: Lockmaw and Augh - Heroic Lost City of the Tol'vir,https://i.ytimg.com/vi/BjLuzdSPHyg/hqdefault.jpg,88112,121.0,0
kLUVa6cz9LM,技能検定（旋盤加工）１級、２級、３級課題!?　の製作,https://i.ytimg.com/vi/kLUVa6cz9LM/hqdefault.jpg,15898,20.0,1
aEN4OvVpqTc,Victory Lane: Jimmie Johnson,https://i.ytimg.com/vi/aEN4OvVpqTc/hqdefault.jpg,3505,18.0,0
Fkm3CVLkI4A,Heroes of Might and Magic VI - Stronghold characters,https://i.ytimg.com/vi/Fkm3CVLkI4A/hqdefault.jpg,23485,26.0,0
HMpqLs3eFDc,Suối cá thần Cẩm Lương Cẩm Thủy Thanh Hóa 12 8 2012,https://i.ytimg.com/vi/HMpqLs3eFDc/hqdefault.jpg,5631,8.0,1
adIoxaJHsBI,Jeff VS Slenderman [Light 'Em Up by Fall Out Boy]  MV,https://i.ytimg.com/vi/adIoxaJHsBI/hqdefault.jpg,39393263,489316.0,0
RFTxt9U5WxA,WWE Awesome Truth Cancion Subtitulada,https://i.ytimg.com/vi/RFTxt9U5WxA/hqdefault.jpg,107775,390.0,0
2JrKaDObHk8,Quick Updo to Protect Your Ends,https://i.ytimg.com/vi/2JrKaDObHk8/hqdefault.jpg,3578,174.0,0
05YKrABn7QI,АМР сбил человека 27.07.2013,https://i.ytimg.com/vi/05YKrABn7QI/hqdefault.jpg,19533,8.0,0
lUdKIwezXLY,The Wibbers in Myrkdalen,https://i.ytimg.com/vi/lUdKIwezXLY/hqdefault.jpg,1667,8.0,1
uapOKGgOD8s,42. serbia rally 2009 final video,https://i.ytimg.com/vi/uapOKGgOD8s/hqdefault.jpg,2014,5.0,0
xb9kABWbQ3o,Furuba Chatroom Pt. 6,https://i.ytimg.com/vi/xb9kABWbQ3o/hqdefault.jpg,1369,14.0,0
gQnPE7KOb8E,クラブ選手権 SAN vs Junglegym1,https://i.ytimg.com/vi/gQnPE7KOb8E/hqdefault.jpg,1104,0.0,0
76kjOY9g3XA,FF IX Excalibur II Perfect Game - Part 3b: It's a Bomb!,https://i.ytimg.com/vi/76kjOY9g3XA/hqdefault.jpg,8857,31.0,0
XlWQ6lvTGbo,Humor de primera - El club de los huevos rotos (24 de Marzo),https://i.ytimg.com/vi/XlWQ6lvTGbo/hqdefault.jpg,283083,785.0,1
u7qrGGO9BKI,Fun Forest Kralingse Bos Rotterdam,https://i.ytimg.com/vi/u7qrGGO9BKI/hqdefault.jpg,20018,34.0,0
vLSnjv3MTUw,"Львів , вуличні музиканти . Тест відео фотоапарату Samsung DV150 Black .",https://i.ytimg.com/vi/vLSnjv3MTUw/hqdefault.jpg,3457,30.0,0
v9eIz5knP1s,445 in interior,https://i.ytimg.com/vi/v9eIz5knP1s/hqdefault.jpg,10486,2.0,1
bTox48MvMLs,Gettin a haircut,https://i.ytimg.com/vi/bTox48MvMLs/hqdefault.jpg,2496,3.0,0
r7T6bI2QygI,"""Naso Athanasopoulos"" by AN",https://i.ytimg.com/vi/r7T6bI2QygI/hqdefault.jpg,104728,1126.0,0
8mNk3IW9FHQ,هكر القتل الفوري 2014  مضمووون  شغال%100,https://i.ytimg.com/vi/8mNk3IW9FHQ/hqdefault.jpg,2336,15.0,0
p_LcpeVS6BM,Patrick and Robin Scenes 09-10-10,https://i.ytimg.com/vi/p_LcpeVS6BM/hqdefault.jpg,18953,64.0,0
88vc9XAIBA8,"Haartutorial - 3 schöne ""Haare-aus-dem-Gesicht"" Frisuren ❤",https://i.ytimg.com/vi/88vc9XAIBA8/hqdefault.jpg,30708,201.0,0
BXOV8PdHEyQ,Trans-Siberian Orchestra - Christmas Canon Rock (Guitar Cover),https://i.ytimg.com/vi/BXOV8PdHEyQ/hqdefault.jpg,2564,165.0,0
3qfrdnetHOw,【フラダンス】Hula Dance　いわき光のさくらまつり 2014 　～高校生フラガール　/ 福島県立好間高等学校フラダンスチーム  ＜ビニビニ、他＞,https://i.ytimg.com/vi/3qfrdnetHOw/hqdefault.jpg,9896,26.0,0
x7ep8ENHXNk,Meterhecht vom Peenestrom,https://i.ytimg.com/vi/x7ep8ENHXNk/hqdefault.jpg,2448,4.0,1
CT9bNN24uFU,Summer Night Routine 2015!,https://i.ytimg.com/vi/CT9bNN24uFU/hqdefault.jpg,192010,9298.0,1
gdG_7zgBO2o,007: SKYFALL - BUỔI LỄ RA MẮT PHIM TẠI ANH,https://i.ytimg.com/vi/gdG_7zgBO2o/hqdefault.jpg,3931,0.0,0
SjyJ0Ta_PFM,Briga de torcida,https://i.ytimg.com/vi/SjyJ0Ta_PFM/hqdefault.jpg,108733,95.0,0
3i6Pz4ATdSs,SpiderMan Friend or Foe Playthrough - Ancient Ruins (08),https://i.ytimg.com/vi/3i6Pz4ATdSs/hqdefault.jpg,4357,1.0,1
Y34WgBiysrk,"hoopa hillclimb 2007, day 1, turn 9",https://i.ytimg.com/vi/Y34WgBiysrk/hqdefault.jpg,8999,12.0,1
IV-uOE7KRNg,Westwacht 08 Aachen gegen FC Union Schafhausen,https://i.ytimg.com/vi/IV-uOE7KRNg/hqdefault.jpg,1274,2.0,0
TYA00rrrym8,130131 2NE1 I Love You - Seoul Music Awards,https://i.ytimg.com/vi/TYA00rrrym8/hqdefault.jpg,1911,19.0,0
vKXxhwHkpsE,Che Forte! Corso di cucina per bambini. Biscotti al burro natalizi,https://i.ytimg.com/vi/vKXxhwHkpsE/hqdefault.jpg,5127,23.0,0
kEu5tZ-gu5A,Perfil de Sergio Batista,https://i.ytimg.com/vi/kEu5tZ-gu5A/hqdefault.jpg,4694,14.0,0
rK-itJv-0aE,[K-Pop/Dance Cover] 진주교육대학교 올댄스(AllDance) 샤이니(SHiNee) - Everybody,https://i.ytimg.com/vi/rK-itJv-0aE/hqdefault.jpg,1929,4.0,0
1w68eXAzmgk,EHOME's CupidCat plays Storm. Hilarity ensues...,https://i.ytimg.com/vi/1w68eXAzmgk/hqdefault.jpg,8462,24.0,0
UeC_Pd-DSxU,དྲ་བརྙན་གསར་འགྱུར། ༢༠༡༤ ཟླ་ ༦ ཚེས་༡༢།,https://i.ytimg.com/vi/UeC_Pd-DSxU/hqdefault.jpg,1056,2.0,0
cOR2YGFwl4w,FFIV Boss Series - #14: Calcobrena,https://i.ytimg.com/vi/cOR2YGFwl4w/hqdefault.jpg,4089,24.0,0
dhiWfeAdoK8,Stefan Florescu - Locul 1 la Campionatul National de Freestyle Football ( Romania) 2010,https://i.ytimg.com/vi/dhiWfeAdoK8/hqdefault.jpg,27882,86.0,1
vZsQt-jBmrU,Los V'cinos - Lloraras-Solo Con Mi Soledad,https://i.ytimg.com/vi/vZsQt-jBmrU/hqdefault.jpg,4698,6.0,0
3u1gb1x-Tjg,Otter Valley Rally Finale,https://i.ytimg.com/vi/3u1gb1x-Tjg/hqdefault.jpg,1390,4.0,0
XW2J8SLEKfg,T20 World Cup 2009 Pakistan VS South Africa; Pakistanis celebrating the victory,https://i.ytimg.com/vi/XW2J8SLEKfg/hqdefault.jpg,18863,8.0,0
Nze3xtL03YU,"Pongal 2009 : Sha La La, Megam Karukudhu",https://i.ytimg.com/vi/Nze3xtL03YU/hqdefault.jpg,15746,6.0,0
757UXaOhn-M,2014 Subaru Forester XT AWD Luxury - Exterior and Interior Walkaround - 2014 Geneva Motor Show,https://i.ytimg.com/vi/757UXaOhn-M/hqdefault.jpg,9199,39.0,0
9VpfDIL6Y3M,Mainzer Humba (Nach dem Sieg gegen Koblenz),https://i.ytimg.com/vi/9VpfDIL6Y3M/hqdefault.jpg,9345,24.0,0
LXWiHVp8b78,mustang lx convertible 1992,https://i.ytimg.com/vi/LXWiHVp8b78/hqdefault.jpg,2718,12.0,0
fmXYgww8bPI,Leaked Footage - Military Armed Drone !! UFO sightings 2014 [ Don't WATCH that! ],https://i.ytimg.com/vi/fmXYgww8bPI/hqdefault.jpg,145967,239.0,0
45rn5EF4n1M,Wishful thinking,https://i.ytimg.com/vi/45rn5EF4n1M/hqdefault.jpg,3586,2.0,0
GNsVxPXH4Y0,The Last of the Troubadours - NEVER FORGIVE YOU (Official Video),https://i.ytimg.com/vi/GNsVxPXH4Y0/hqdefault.jpg,10488,53.0,0
ycMh8HQ5fwI,subway countdown clocks,https://i.ytimg.com/vi/ycMh8HQ5fwI/hqdefault.jpg,4750,30.0,0
SOBYyM3vyQM,YURI BH NA ESCOLA MUNICIPAL PEDRO GUERRA - ALUNOS CANTAM PARA O FENÔMENO DO FUNK-26/08/11,https://i.ytimg.com/vi/SOBYyM3vyQM/hqdefault.jpg,5440,19.0,0
4HMTvd5e4Uk,Mini Ninjas Demo (PC) Gameplay 2/3 *MAX SETTINGS*,https://i.ytimg.com/vi/4HMTvd5e4Uk/hqdefault.jpg,3783,4.0,0
0sMThsFZIwg,Griffins Boxing Club teams up with EA Sports for Fight Night 4,https://i.ytimg.com/vi/0sMThsFZIwg/hqdefault.jpg,3196,5.0,0
XFnqYJ7NHpA,Minecraft: HOW TO BREAK BEDROCK! (Minecraft 1.8.1 Tutorial) | iJevin,https://i.ytimg.com/vi/XFnqYJ7NHpA/hqdefault.jpg,22141,518.0,1
Q0SL6ZiC_eI,Quick Clip: Backside,https://i.ytimg.com/vi/Q0SL6ZiC_eI/hqdefault.jpg,1134,14.0,0
lGGiMncSXfE,BEST MIRROR MAGIC TRICK EVER!!!!!!!!!!!!!!!!,https://i.ytimg.com/vi/lGGiMncSXfE/hqdefault.jpg,46405,196.0,0
gX-4bs5sQVo,¡1° MASTER-GALVEZ 4-3-12!N V14.,https://i.ytimg.com/vi/gX-4bs5sQVo/hqdefault.jpg,5365,2.0,1
8TyoJGbRtWU,One Piece  AMV   Shinedown  Diamond Eyes Boom Lay Boom Lay Boom,https://i.ytimg.com/vi/8TyoJGbRtWU/hqdefault.jpg,96646,579.0,0
1ohH5y3w04o,GT5 RedZoku : Logitech G27 en Drift !,https://i.ytimg.com/vi/1ohH5y3w04o/hqdefault.jpg,8795,27.0,1
2HjZAhVj8Lk,Астероиды - Переживи всех,https://i.ytimg.com/vi/2HjZAhVj8Lk/hqdefault.jpg,3431,48.0,0
RuFuu3BwqEo,YOGGA MASTER AWP™,https://i.ytimg.com/vi/RuFuu3BwqEo/hqdefault.jpg,1418,3.0,0
k8sZt_ommwE,puti i laki  i ork pit bul samokov,https://i.ytimg.com/vi/k8sZt_ommwE/hqdefault.jpg,3296,4.0,1
hhuNV0DWgLM,Improving Health Care for Veterans,https://i.ytimg.com/vi/hhuNV0DWgLM/hqdefault.jpg,5032,75.0,1
Ci38aeIBxUg,instalacion de panel frontal de la pc (pilotos) angelica torres simbaqueba,https://i.ytimg.com/vi/Ci38aeIBxUg/hqdefault.jpg,20481,5.0,0
YyzeUBJRCTY,ATP 追いコン２０１１　一年生SHOWCASE　@VOODOO,https://i.ytimg.com/vi/YyzeUBJRCTY/hqdefault.jpg,3217,3.0,0
8TgZFf7El3E,Sunshine trailer ita,https://i.ytimg.com/vi/8TgZFf7El3E/hqdefault.jpg,42120,20.0,0
UqIuzheaRiQ,Junior Eurovision Song Contest 2006 - 12 Belarus - Andrey Kunets - Novyi Den,https://i.ytimg.com/vi/UqIuzheaRiQ/hqdefault.jpg,1911,12.0,1
97JhwAeYvpw,Concierto Espinoza Paz Tijuana 2012,https://i.ytimg.com/vi/97JhwAeYvpw/hqdefault.jpg,1041,1.0,0
dW8ZKFYyRWk,Souris Gaming ANKER 8200DPI,https://i.ytimg.com/vi/dW8ZKFYyRWk/hqdefault.jpg,8286,148.0,0
RNxm31lXn6g,ダイケンエコキャッチ　取り付け方法の動画,https://i.ytimg.com/vi/RNxm31lXn6g/hqdefault.jpg,41225,13.0,0
3-uJWc5x1JE,NEC Digital Cinema Solution.,https://i.ytimg.com/vi/3-uJWc5x1JE/hqdefault.jpg,8719,20.0,0
bHiyRIwQxwk,Jigging : Seriole au jig relâché,https://i.ytimg.com/vi/bHiyRIwQxwk/hqdefault.jpg,33796,53.0,1
lwS8Gg3ErCM,موديلات من الركن المودرن من شركه excel furniture,https://i.ytimg.com/vi/lwS8Gg3ErCM/hqdefault.jpg,197909,260.0,0
3DcoryUGoWo,20100801 加班自強號 1121次 1120次 EMU300,https://i.ytimg.com/vi/3DcoryUGoWo/hqdefault.jpg,3381,12.0,0
KhPLo2blvN8,PROCESO FABRICACION COLCHON CERRADO,https://i.ytimg.com/vi/KhPLo2blvN8/hqdefault.jpg,11757,6.0,1
8UnkKlHdc6o,JAM Trickstar Gathering - 7 vs 7 Exhibition Battle Highlights (HD),https://i.ytimg.com/vi/8UnkKlHdc6o/hqdefault.jpg,3316,47.0,0
FAfBiCYENDQ,Chuck Norris Destroyer John Cena WWE SvR 2011,https://i.ytimg.com/vi/FAfBiCYENDQ/hqdefault.jpg,5851,10.0,1
T4Oeh702t2o,Metyou & Jake Revan - Jump Jump (Dj Sequence Remix),https://i.ytimg.com/vi/T4Oeh702t2o/hqdefault.jpg,2057,17.0,0
z9_ctNjzzD8,iGame Episode #11 | Sharp | Mw3 Powered by @GammaLabs,https://i.ytimg.com/vi/z9_ctNjzzD8/hqdefault.jpg,2322,141.0,1
IxBVpLY7Xeg,"Lutar Pelo Que É Meu - Charlie Brown Jr. (guitar cover, by Daniel Carvalho)",https://i.ytimg.com/vi/IxBVpLY7Xeg/hqdefault.jpg,11455,160.0,0
Mhb_7zL2Km4,Ken Ilsö Fortuna Düsseldorf,https://i.ytimg.com/vi/Mhb_7zL2Km4/hqdefault.jpg,4120,6.0,0
zwk3I2C2j-M,Bartels Intralogistics - Roll-Aus-Regal,https://i.ytimg.com/vi/zwk3I2C2j-M/hqdefault.jpg,10724,13.0,0
d1Qj0nhdOQ0,Far east movement - Dirty Bass & Turn up the love - Live in Prague (Roxy),https://i.ytimg.com/vi/d1Qj0nhdOQ0/hqdefault.jpg,2812,5.0,0
krrLuZRUmmM,Персонажи наруто под музыку (1 часть),https://i.ytimg.com/vi/krrLuZRUmmM/hqdefault.jpg,4974,49.0,0
qlXaHr6XV1Y,PANIC-THE SMITHS FOREVER,https://i.ytimg.com/vi/qlXaHr6XV1Y/hqdefault.jpg,2493,8.0,1
46AUvg8A02A,Best anime fights: Captain Bravo v Moon Face,https://i.ytimg.com/vi/46AUvg8A02A/hqdefault.jpg,52084,331.0,0
FxHP_90wIt0,The Kingsmen Quartet - Someday,https://i.ytimg.com/vi/FxHP_90wIt0/hqdefault.jpg,1368,6.0,0
ybkKH01MP6c,Special Effects Makeup: Beat Up (Audition),https://i.ytimg.com/vi/ybkKH01MP6c/hqdefault.jpg,1977,9.0,0
LGQzDBvEcvk,Diablo 3 Beta Patch 9 640.47 DPS with Shadow Power and Frenzied Shrine!,https://i.ytimg.com/vi/LGQzDBvEcvk/hqdefault.jpg,4284,13.0,0
MCXbO5tBEek,SR.jApA & Julio Mastroianni {DUAL} {PERFECT STARS DANCE},https://i.ytimg.com/vi/MCXbO5tBEek/hqdefault.jpg,2291,51.0,1
nnLYq4gGLuA,Alice Madness Returns: Infernal Train Minecraft Xbox 360,https://i.ytimg.com/vi/nnLYq4gGLuA/hqdefault.jpg,5516,103.0,0
mkftq9qAxAo,Abrasivos y Maquinaria - Equipo de chorreado - Serie SB y SB+ (Decapado de pintura y recubrimientos),https://i.ytimg.com/vi/mkftq9qAxAo/hqdefault.jpg,46379,14.0,0
p3JlATILCDE,Surreal Tech - CM Storm Inferno Unboxing & First View,https://i.ytimg.com/vi/p3JlATILCDE/hqdefault.jpg,5787,224.0,1
xtWrT4f-NEs,LEGO Hulk Hero SMASH Laboratory! Toy Review HobbyKidsTV,https://i.ytimg.com/vi/xtWrT4f-NEs/hqdefault.jpg,877732,813.0,0
sJ9qudKEz78,Martell VSOP 'Rise Above' Dance Tour,https://i.ytimg.com/vi/sJ9qudKEz78/hqdefault.jpg,2161,1.0,0
6XWgw2zt_hA,WINDING ROAD 絢香&コブクロ　カバー　音楽工房　大悲山月明かりコンサート,https://i.ytimg.com/vi/6XWgw2zt_hA/hqdefault.jpg,8456,1.0,1
Sv0B5LbeNMo,Pocahontas - Savages ( Italian Version ) Crossover,https://i.ytimg.com/vi/Sv0B5LbeNMo/hqdefault.jpg,30944,145.0,0
cM_RLmu-RFE,Klaudiusz Sokołowski end of the season 2014 Positive BMX Family,https://i.ytimg.com/vi/cM_RLmu-RFE/hqdefault.jpg,2084,24.0,0
JQ6uXxLw9GQ,"Julika 660 in ""ORF Sommerzeit""",https://i.ytimg.com/vi/JQ6uXxLw9GQ/hqdefault.jpg,3169,4.0,1
KhHXn_2Mlyc,La primera nevada de este año en el Ajusco,https://i.ytimg.com/vi/KhHXn_2Mlyc/hqdefault.jpg,3511,4.0,0
ZbAhKr7Ae40,蔡健雅Goodbye&Hello演唱会之呼吸,https://i.ytimg.com/vi/ZbAhKr7Ae40/hqdefault.jpg,2398,5.0,0
569vjsxehFU,sigla Holiday beach resort Marsa Alam,https://i.ytimg.com/vi/569vjsxehFU/hqdefault.jpg,1132,1.0,1
73kd7iROGTk,Ironman GNCC Youth ATV start...,https://i.ytimg.com/vi/73kd7iROGTk/hqdefault.jpg,2206,3.0,0
IeV_mPacZs8,SSS Gecko Cup 1/4 Mili LUBLIN 26.09.2010 Kilka wyścigów.,https://i.ytimg.com/vi/IeV_mPacZs8/hqdefault.jpg,1696,7.0,0
7pZvIH_IchA,Next-generation television services on display at CES,https://i.ytimg.com/vi/7pZvIH_IchA/hqdefault.jpg,3166,5.0,0
gnWocdHbyT8,PHIL HARE -  AR HYD Y NOS (A TRIBUTE TO VICKI WILLIAMS),https://i.ytimg.com/vi/gnWocdHbyT8/hqdefault.jpg,3445,29.0,1
H84OVcVnwUg,Mario Kart Wii-[GS] and the Nice Hacker:),https://i.ytimg.com/vi/H84OVcVnwUg/hqdefault.jpg,5177,8.0,1
pZp-d92xcyM,BAREFOOT IN THE SNOW-CAPPED 600 STAIRS TO CLIMB  /눈 덮힌 600 계단 오르기 ),https://i.ytimg.com/vi/pZp-d92xcyM/hqdefault.jpg,1546,5.0,0
HuaeIbwCC0E,Japanese Chin puppies feeding - 21 days old in Close up HD,https://i.ytimg.com/vi/HuaeIbwCC0E/hqdefault.jpg,322391,1578.0,0
ba8VpTdoYfI,Übertreffen (A) Random Hard AAA Perfect Play by DOLCE,https://i.ytimg.com/vi/ba8VpTdoYfI/hqdefault.jpg,8551,29.0,0
JMHyYlYPSUs,Вода и огън,https://i.ytimg.com/vi/JMHyYlYPSUs/hqdefault.jpg,10896,69.0,1
FtxRDoz-85Y,"เพลง ""วัดใจ"" จาก Silly Fools ในงานฉลอง ""ตลาดนัดรถไฟครบรอบ 4 ปี""",https://i.ytimg.com/vi/FtxRDoz-85Y/hqdefault.jpg,89997,436.0,0
EDdJ2fKsTgI,Реставрация мебели материалами Тиккурила,https://i.ytimg.com/vi/EDdJ2fKsTgI/hqdefault.jpg,684800,2508.0,0
3Pvvaw6C7CA,Tiago BMX,https://i.ytimg.com/vi/3Pvvaw6C7CA/hqdefault.jpg,83092,67.0,1
G02lyakqnj4,Lefty Reset,https://i.ytimg.com/vi/G02lyakqnj4/hqdefault.jpg,102132,230.0,0
mHFhZ7GHFRY,MGO Survival - Atlus vs =oo=,https://i.ytimg.com/vi/mHFhZ7GHFRY/hqdefault.jpg,1086,7.0,0
kT3HEHkTGxw,Minecraft Lach Flash! Vluppey und Muchti Failen im Böse sein! [Diamanten Prank],https://i.ytimg.com/vi/kT3HEHkTGxw/hqdefault.jpg,1530,46.0,0
YGVyYyIo8RI,03. Dj Nev - Electro House Mayo 2014,https://i.ytimg.com/vi/YGVyYyIo8RI/hqdefault.jpg,20725,84.0,0
9aMt8hWHRgk,Airplanes (Part 3) - B.o.B ft Hayley Williams & Eminem Collab Cover w/ Kim Tran Music Video LYRICS,https://i.ytimg.com/vi/9aMt8hWHRgk/hqdefault.jpg,22191,100.0,0
xL61RGaqZHw,마크 없어진 모루,https://i.ytimg.com/vi/xL61RGaqZHw/hqdefault.jpg,1582,14.0,1
PDkFKry6-Lo,emotions - Arts Exhibition@Agnes b 情緒 x 5 - 藝術展覽,https://i.ytimg.com/vi/PDkFKry6-Lo/hqdefault.jpg,1206,2.0,0
4UhkyBc54GI,"Concierto de Pablo Alborán en Las Palmas de Gran Canaria- ""TODA LA NOCHE""",https://i.ytimg.com/vi/4UhkyBc54GI/hqdefault.jpg,2068,21.0,0
fOd11dzCqW0,Sorteio de um Key de minecraft original e sorteio de BF3 tbm,https://i.ytimg.com/vi/fOd11dzCqW0/hqdefault.jpg,1213,188.0,1
Y207hL9X8sw,El Último out en el Estadio Héctor Espino.27/dic/2012,https://i.ytimg.com/vi/Y207hL9X8sw/hqdefault.jpg,5988,29.0,1
_cZp4t3wVv8,Presentación Al Pueblo- Aires Para mis Penas en el certamen de Moriles 2010,https://i.ytimg.com/vi/_cZp4t3wVv8/hqdefault.jpg,2229,3.0,0
uG5Jd-xAffk,Como maquillarse para todo el dia,https://i.ytimg.com/vi/uG5Jd-xAffk/hqdefault.jpg,40104,430.0,0
iQozlUUVEnc,Black★Rock Shooter(AMV)-Meltdown,https://i.ytimg.com/vi/iQozlUUVEnc/hqdefault.jpg,7211,61.0,0
GDeY3eyCc64,Stefka Berova - Koi Ograbi Bulgaria,https://i.ytimg.com/vi/GDeY3eyCc64/hqdefault.jpg,106495,1080.0,0
2E6IrtvMn04,Monorail 2008 Disneyland,https://i.ytimg.com/vi/2E6IrtvMn04/hqdefault.jpg,2054,7.0,0
pfaNvUUPatI,Ludovico Einaudi - Ronald's Dream / In A Time Lapse,https://i.ytimg.com/vi/pfaNvUUPatI/hqdefault.jpg,3383,56.0,0
IldceLE7u_g,One direction -Little things (Live in Jakarta),https://i.ytimg.com/vi/IldceLE7u_g/hqdefault.jpg,3830,88.0,0
8ikWUebc5cU,Spy camera on my SCX10 Mega Cab scale crawler for a trail run,https://i.ytimg.com/vi/8ikWUebc5cU/hqdefault.jpg,1113,2.0,1
Vgw1jxU3DJk,Liverpool RC Cathedral Thy Hand Oh God Has Guided,https://i.ytimg.com/vi/Vgw1jxU3DJk/hqdefault.jpg,121325,255.0,0
Yg7WBliDApo,NASCAR Trouble for Jeff Gordon at Richmond | Federated Auto Parts 400,https://i.ytimg.com/vi/Yg7WBliDApo/hqdefault.jpg,9798,24.0,0
w77hZ515mR8,Клип на музыку из кинофильма Крёстный отец..wmv,https://i.ytimg.com/vi/w77hZ515mR8/hqdefault.jpg,138612,883.0,1
ZVklF15zywc,Alo Mal Suena el Demente en Concierto,https://i.ytimg.com/vi/ZVklF15zywc/hqdefault.jpg,9609,69.0,1
eZaNg6kfcKg,Cornizzolo Seconda Parte,https://i.ytimg.com/vi/eZaNg6kfcKg/hqdefault.jpg,1533,0.0,1
ARKst07HFl0,All Stars Gymnastic and Cheering Academy Intro,https://i.ytimg.com/vi/ARKst07HFl0/hqdefault.jpg,69636,46.0,0
Pcud_v6SuDM,Unboxing of the NBA Slam Jam (mini basketball hoop,https://i.ytimg.com/vi/Pcud_v6SuDM/hqdefault.jpg,35547,65.0,0
_Ys1iZUHGqc,Tutorial como descargar e instalar mapas para counter strike source (HD),https://i.ytimg.com/vi/_Ys1iZUHGqc/hqdefault.jpg,1652,9.0,0
lTqtshhVgXQ,이니스프리 눈매교정 메이크업 3mm의 비밀 Chapter 3 짧고 작은 답답한 눈 편,https://i.ytimg.com/vi/lTqtshhVgXQ/hqdefault.jpg,365691,711.0,0
yUuiXhtP4PE,KNIGHT RIDER techno remix,https://i.ytimg.com/vi/yUuiXhtP4PE/hqdefault.jpg,50217,97.0,1
z_FJmut9xiM,PP2000 in BC2,https://i.ytimg.com/vi/z_FJmut9xiM/hqdefault.jpg,1347,9.0,1
h_GOmOHJzng,Fahrt Video: Weg nach Hornbach[HD | 2015] -DriNow,https://i.ytimg.com/vi/h_GOmOHJzng/hqdefault.jpg,3086,57.0,0
OJm-FyKz1FI,Harris Farms Horse Division cheering on California Chrome in the Preakness,https://i.ytimg.com/vi/OJm-FyKz1FI/hqdefault.jpg,6320,40.0,0
ZcmJ9gcQ3Wo,Suthi Got Talent - 3Days(ชนะเลิศ),https://i.ytimg.com/vi/ZcmJ9gcQ3Wo/hqdefault.jpg,2261,16.0,1
M4sM-csqmE0,crear una pagina web gratis tumblr 2,https://i.ytimg.com/vi/M4sM-csqmE0/hqdefault.jpg,1957,8.0,0
4Q75_ZXBOVU,150228 B.A.P 대현 정키 mama COVER,https://i.ytimg.com/vi/4Q75_ZXBOVU/hqdefault.jpg,110956,1918.0,0
i2FL9XKT5eg,２０１２薬王寺・柳町サンバパレード Ⅵ,https://i.ytimg.com/vi/i2FL9XKT5eg/hqdefault.jpg,1434,0.0,0
8GnlTd4n28M,Short Final - SA's New Aviation Series - AX Sport,https://i.ytimg.com/vi/8GnlTd4n28M/hqdefault.jpg,5144,27.0,0
M9T1iw60v_0,รีวิว ลูกสูบโซนิค สแตนดาส HONDA SONIC STD piston kit,https://i.ytimg.com/vi/M9T1iw60v_0/hqdefault.jpg,275216,1028.0,0
gPXuL1J-ySw,Очень сочный шашлык из свиной шейки на мангале,https://i.ytimg.com/vi/gPXuL1J-ySw/hqdefault.jpg,171020,1670.0,0
ssrw2QuGEiM,Radetsky March,https://i.ytimg.com/vi/ssrw2QuGEiM/hqdefault.jpg,8657,45.0,0
LP-Okw21xbw,My Home-made Brushless Airboat,https://i.ytimg.com/vi/LP-Okw21xbw/hqdefault.jpg,3279,27.0,1
J6gzE_pRYvI,Lollipop Flowers - Valentine's Day (Mother's Day) Gift Ideas for kids,https://i.ytimg.com/vi/J6gzE_pRYvI/hqdefault.jpg,36173,162.0,0
XhjQ01vHe7k,Roller in Action by Must Dive,https://i.ytimg.com/vi/XhjQ01vHe7k/hqdefault.jpg,32439,145.0,0
YJ-WGuRfhTo,Call of Duty Black Ops 2 - Die Rise Trailer,https://i.ytimg.com/vi/YJ-WGuRfhTo/hqdefault.jpg,1323,4.0,0
zOMIhcEy4G8,warren freshman cheer,https://i.ytimg.com/vi/zOMIhcEy4G8/hqdefault.jpg,1669,2.0,0
ooHYMf8he3c,Mision 5 Modificada Gameplay,https://i.ytimg.com/vi/ooHYMf8he3c/hqdefault.jpg,1243,2.0,0
gAkculY-EaI,Como solucionar problema de Gotube en Psp,https://i.ytimg.com/vi/gAkculY-EaI/hqdefault.jpg,20526,22.0,1
2lMzGCK0hp8,【MV】Menoz / YO RO Z,https://i.ytimg.com/vi/2lMzGCK0hp8/hqdefault.jpg,77042,424.0,0
NmK3_3MC_Wg,あままさ丸ＴＶ　ひとつテンヤ編,https://i.ytimg.com/vi/NmK3_3MC_Wg/hqdefault.jpg,6144,3.0,0
DUGCeNX3Fq8,Ya te olvide Yuridia Cover Guitarra,https://i.ytimg.com/vi/DUGCeNX3Fq8/hqdefault.jpg,8128,11.0,0
oltij6Ud6IU,Shakira - Waka Waka (Live WC 2010 HD) [The Official Video],https://i.ytimg.com/vi/oltij6Ud6IU/hqdefault.jpg,3365,3.0,1
LCJzkItgQQ8,Border Collie Del Bosque Suizo Cachorros 27 jun 2011,https://i.ytimg.com/vi/LCJzkItgQQ8/hqdefault.jpg,1885,2.0,1
fZiakMsym1s,"Where do I get?, Video 1, mp3  samples for CDJ",https://i.ytimg.com/vi/fZiakMsym1s/hqdefault.jpg,4292,9.0,1
4J3urhdx3S4,Star Wars - Das dunkle Imperium - Outtakes,https://i.ytimg.com/vi/4J3urhdx3S4/hqdefault.jpg,1222,4.0,0
-k73_oMk6VY,Introducing FaZe Kitty: RECOVERY 4 - A Multi-CoD Montage,https://i.ytimg.com/vi/-k73_oMk6VY/hqdefault.jpg,460779,16625.0,0
cz8TYF1gzvg,The Rafael Ibarbia Orchestra  -  Judy In Disguise,https://i.ytimg.com/vi/cz8TYF1gzvg/hqdefault.jpg,3412,22.0,0
J756gqz4AwA,Saab Festival 2 Juni 2013,https://i.ytimg.com/vi/J756gqz4AwA/hqdefault.jpg,3007,10.0,0
hRsEOGSJKLo,NaruSaku momentos en el Manga,https://i.ytimg.com/vi/hRsEOGSJKLo/hqdefault.jpg,1848,48.0,0
OVTuypJcL0A,Nelson New Years 2008,https://i.ytimg.com/vi/OVTuypJcL0A/hqdefault.jpg,1668,1.0,0
R88WZDfmRFk,SpongeBob SquarePants Full Episodes - SpongeBob Movie Game - My Little Pony And Friends,https://i.ytimg.com/vi/R88WZDfmRFk/hqdefault.jpg,2833,4.0,1
8QUNKpgnPT0,Tour of new custom LG apps for Windows Phone 7,https://i.ytimg.com/vi/8QUNKpgnPT0/hqdefault.jpg,5288,7.0,0
SxnJVKWfQMw,Jared's World - I Wanna Go (Where the Cowboys Go) - Fiona,https://i.ytimg.com/vi/SxnJVKWfQMw/hqdefault.jpg,161207,421.0,0
KS5IXXd_jQE,DON BINGO Recargado - 31 de Marzo,https://i.ytimg.com/vi/KS5IXXd_jQE/hqdefault.jpg,1289,2.0,1
EiF4v5tJfHo,Ilaria De Angelis e Felt Big Jazz Band - A foggy day,https://i.ytimg.com/vi/EiF4v5tJfHo/hqdefault.jpg,2038,4.0,0
bJ4w259DXLg,SouthBlock Shuffle Music Video (Behind The Scenes),https://i.ytimg.com/vi/bJ4w259DXLg/hqdefault.jpg,3939,4.0,0
HH8KCz1kOhQ,"Lazio-Juventus:""Never Back Down Lazio!"" HD",https://i.ytimg.com/vi/HH8KCz1kOhQ/hqdefault.jpg,4225,26.0,1
k0u_2JGvFz0,"C5N CACHO CASTAÑA - ""MAS ATORRANTE QUE NUNCA"" - Naranjo en flor",https://i.ytimg.com/vi/k0u_2JGvFz0/hqdefault.jpg,6856,9.0,0
5uEI--BSTZ4,The Color Pink,https://i.ytimg.com/vi/5uEI--BSTZ4/hqdefault.jpg,12254,77.0,0
JWAO7PttI-0,Halo Reach Funny Pictures 19,https://i.ytimg.com/vi/JWAO7PttI-0/hqdefault.jpg,9422,51.0,0
XvzuYPFpJZs,Giant Glory DH bike,https://i.ytimg.com/vi/XvzuYPFpJZs/hqdefault.jpg,13365,21.0,0
LbBQtrOnqWk,Sample Kontakt One Man Band Solos Pisadinha Bonde do Maluco AXIOM 61,https://i.ytimg.com/vi/LbBQtrOnqWk/hqdefault.jpg,3857,28.0,0
Z4jt_b6JWbI,6º Rally da Serra - Moto,https://i.ytimg.com/vi/Z4jt_b6JWbI/hqdefault.jpg,6227,10.0,0
9zy6Ud0QrFg,Take off from Guarulhos on Gol/Varig 737-800,https://i.ytimg.com/vi/9zy6Ud0QrFg/hqdefault.jpg,2436,12.0,0
9O4-b4ws18k,Mesut Ozil joins Arsenal and Fellaini to sign for Manchester United - Man Utd Fans View Transfers,https://i.ytimg.com/vi/9O4-b4ws18k/hqdefault.jpg,5620,58.0,1
Rb-JMfd5fjc,aquecimento da bateria ira jovem gama  31/01/10,https://i.ytimg.com/vi/Rb-JMfd5fjc/hqdefault.jpg,1599,3.0,0
1tR0cpN5qnI,Gerson Main: Deejay - De Beste Singer-Songwriter van Nederland,https://i.ytimg.com/vi/1tR0cpN5qnI/hqdefault.jpg,995261,3859.0,0
Bpu8j5b--tc,Oblivion Online,https://i.ytimg.com/vi/Bpu8j5b--tc/hqdefault.jpg,102759,69.0,0
_FPqR9szRPE,"Joaquin Lira y su Banda Lira de Oro ""Tu Modito""",https://i.ytimg.com/vi/_FPqR9szRPE/hqdefault.jpg,8074,54.0,0
EcioH-wozvk,Bic Camera 店員さん による iPad Air のわかりやすい解説,https://i.ytimg.com/vi/EcioH-wozvk/hqdefault.jpg,18341,23.0,0
j5WohnLau9c,Preschool - Writing. Prewriting week 1,https://i.ytimg.com/vi/j5WohnLau9c/hqdefault.jpg,4225,20.0,0
BcxCN9f3cUQ,How to catch Monster Bull Sharks - Part 1,https://i.ytimg.com/vi/BcxCN9f3cUQ/hqdefault.jpg,12478,30.0,1
aBYlF1sX16k,Panama's Big Band Battle II: 28 februari 2010,https://i.ytimg.com/vi/aBYlF1sX16k/hqdefault.jpg,2762,1.0,0
-k1jkuLRSbc,Minecraft Server Spawn - Medieval Spawn - Part 1,https://i.ytimg.com/vi/-k1jkuLRSbc/hqdefault.jpg,8693,41.0,0
cq6nVQnWifk,Diablo III Belial MP10 1.08,https://i.ytimg.com/vi/cq6nVQnWifk/hqdefault.jpg,1328,1.0,1
d_0qaJ1hb70,Oxygen (Capriolo Mondial rides) Onride - Foire au plaisir Bordeaux Octobre 2009,https://i.ytimg.com/vi/d_0qaJ1hb70/hqdefault.jpg,3449,6.0,0
BCFqQ2Xg6uU,Tiao Cruz - TroubleMaker Lyric Video HD (best sound),https://i.ytimg.com/vi/BCFqQ2Xg6uU/hqdefault.jpg,2396,4.0,0
SgITtlycn3s,Dance Ke Superstars April 16 '11 - Vrushali,https://i.ytimg.com/vi/SgITtlycn3s/hqdefault.jpg,19060,40.0,0
0laBl070c7o,Canto fúnebre por la educación,https://i.ytimg.com/vi/0laBl070c7o/hqdefault.jpg,10827,82.0,1
ZtvmypjqwlQ,Wallabies vs All Blacks 2012 - Bledisloe Cup Third Test - Brisbane,https://i.ytimg.com/vi/ZtvmypjqwlQ/hqdefault.jpg,124149,295.0,0
fHMjUTgJE20,Geldscheine falten ❁ Geldgeschenke selber machen ❁ Deko Ideen mit Flora-Shop,https://i.ytimg.com/vi/fHMjUTgJE20/hqdefault.jpg,17345,,0
p2nU9tgZ3Wo,TV 12 Maple Grove MN and ALLIED WASTE,https://i.ytimg.com/vi/p2nU9tgZ3Wo/hqdefault.jpg,16107,15.0,0
F2vHKfLXVuw,Shark Park - The Heaviest Wave in California,https://i.ytimg.com/vi/F2vHKfLXVuw/hqdefault.jpg,39156,167.0,1
ZOObktFeV0c,KỸ THUẬT CHẠY NGÓN TỐC ĐỘ CAO : SÁO TRÚC MÃO MÈO,https://i.ytimg.com/vi/ZOObktFeV0c/hqdefault.jpg,156221,967.0,0
-mICR_UDm4k,Photoshop CS5 Content Aware Fill Tutorial - Extending An Image,https://i.ytimg.com/vi/-mICR_UDm4k/hqdefault.jpg,18738,83.0,0
ixEdNqQ-j4g,Case ih Axial flow 2388 { Moisson 2009 } 100% Case ih,https://i.ytimg.com/vi/ixEdNqQ-j4g/hqdefault.jpg,10403,9.0,0
c_rFVwWvNPw,เทพธิดาดอย-ไก่ พรรณนิภา,https://i.ytimg.com/vi/c_rFVwWvNPw/hqdefault.jpg,782514,1909.0,0
Ptbtv5w3u3I,"WWE: AJ Lee - ""Let's Light It Up"" (feat. Kari Kimmel)",https://i.ytimg.com/vi/Ptbtv5w3u3I/hqdefault.jpg,35497,332.0,0
-Eg_xREfZDc,Montage VTT,https://i.ytimg.com/vi/-Eg_xREfZDc/hqdefault.jpg,5505,3.0,0
4Mi9IeVlnlQ,CCTT San Juan Evangelista de Lorquí  - Bulería  en San Roman  - Viernes  Santo ( Blanca ) 18/04/2014,https://i.ytimg.com/vi/4Mi9IeVlnlQ/hqdefault.jpg,3329,26.0,0
_U5G8wATKAs,"Kiss - Modern Day Delilah, Liverpool Arena 4 May 2010",https://i.ytimg.com/vi/_U5G8wATKAs/hqdefault.jpg,2461,8.0,0
N87s4HtKrK4,Genevieve gets her ears pierced for her 5th birthday,https://i.ytimg.com/vi/N87s4HtKrK4/hqdefault.jpg,15972,33.0,0
IQLR73uX2SA,Harlem Shake na escola Ponte Alta 3,https://i.ytimg.com/vi/IQLR73uX2SA/hqdefault.jpg,2268,26.0,0
pH5NRa16d-k,Nehema Agape choir/37 eme CADC,https://i.ytimg.com/vi/pH5NRa16d-k/hqdefault.jpg,18549,58.0,0
2-sRb3V4r2c,Learn To Play Status Quo On Guitar Full Song Demonstration,https://i.ytimg.com/vi/2-sRb3V4r2c/hqdefault.jpg,47629,120.0,0
El4T8alp0mo,Massive Sound System - Everywhere,https://i.ytimg.com/vi/El4T8alp0mo/hqdefault.jpg,35772,490.0,0
1_ZzwCbIj30,DAY TEN,https://i.ytimg.com/vi/1_ZzwCbIj30/hqdefault.jpg,2928,10.0,0
Un0IVHqfPvQ,Bass Fishing - Powering Into Spring,https://i.ytimg.com/vi/Un0IVHqfPvQ/hqdefault.jpg,1823,37.0,1
NDEmucchjt0,"Corky & Lenny's vs. Slyman's ""Corned Beef Wars""",https://i.ytimg.com/vi/NDEmucchjt0/hqdefault.jpg,2699,7.0,0
2SINEZUXpec,PS Site.com: Assassin's Creed Unity | Story Trailer,https://i.ytimg.com/vi/2SINEZUXpec/hqdefault.jpg,1368,3.0,0
x2kf_sqhByo,Zaanstad cycling tour (Netherlands) [212],https://i.ytimg.com/vi/x2kf_sqhByo/hqdefault.jpg,3496,57.0,0
FVnrKhqV12Q,Jackson Danois Novembre 2012,https://i.ytimg.com/vi/FVnrKhqV12Q/hqdefault.jpg,19263,64.0,0
3TVNsYdJ0A4,lego heuy news helicopter,https://i.ytimg.com/vi/3TVNsYdJ0A4/hqdefault.jpg,2064,3.0,0
WyyQ3pRqq7c,UMF Korea DJ Carl Cox Aug 04 2012 (Ultra Music Festival Korea),https://i.ytimg.com/vi/WyyQ3pRqq7c/hqdefault.jpg,1408,3.0,0
DrSPj0GAy5w,Myrtleford Butter Factory,https://i.ytimg.com/vi/DrSPj0GAy5w/hqdefault.jpg,32880,139.0,1
S3b8VZ5ikLM,Les Residences de Monaco - Vendo Apartamento na Barra da Tijuca,https://i.ytimg.com/vi/S3b8VZ5ikLM/hqdefault.jpg,4118,10.0,0
_85k4Jvyb-Q,"Fall Out Boy & Hayley Williams, ""Sugar, we're goin' down"" Live Monumentour",https://i.ytimg.com/vi/_85k4Jvyb-Q/hqdefault.jpg,6541,71.0,0
7mPnDUpm_2s,Top Best 14 Romance Comedy Anime of 2014 [HD],https://i.ytimg.com/vi/7mPnDUpm_2s/hqdefault.jpg,317106,2452.0,0
2mSOVVhn220,Roompot Beach Resort - vakantie voor de hele familie,https://i.ytimg.com/vi/2mSOVVhn220/hqdefault.jpg,16877,12.0,1
2fCg3iMnh7U,Mais perto quero estar teclado Tutorial na Descrição,https://i.ytimg.com/vi/2fCg3iMnh7U/hqdefault.jpg,36464,267.0,0
KF-7hgrrHzw,Lionel richie endless love karaoke,https://i.ytimg.com/vi/KF-7hgrrHzw/hqdefault.jpg,5424,5.0,0
l2wZ6r3pk24,前輪軸承(哈夫總成磨損)拆裝更換 NISSAN TEANA 2.0L 2005~ QR20DE RE4F04B,https://i.ytimg.com/vi/l2wZ6r3pk24/hqdefault.jpg,14649,36.0,1
PVnRH8ijjj4,"Norwegian Lindy Hop Nationals 2008, Mariell & Andreas Showcase",https://i.ytimg.com/vi/PVnRH8ijjj4/hqdefault.jpg,1882,4.0,0
4Ym8jCJaHFs,"""Guide to Perfect Grade 00 Raiser"" part4 Assembly completed",https://i.ytimg.com/vi/4Ym8jCJaHFs/hqdefault.jpg,9442,25.0,0
1Ynbyy0w5k0,Aion Exile - Epic Massive PvP,https://i.ytimg.com/vi/1Ynbyy0w5k0/hqdefault.jpg,1373,6.0,0
-vG9ulgErXs,Making of Maxfield Bakery Get Yours Before Dem Dun.wmv,https://i.ytimg.com/vi/-vG9ulgErXs/hqdefault.jpg,2066,9.0,1
B-maaG3oMmI,Mix Radioactiva 2012 by Dj Maxi (VIDEOMIX),https://i.ytimg.com/vi/B-maaG3oMmI/hqdefault.jpg,367547,934.0,0
pJQh5c5i09A,When to Harvest Potatoes,https://i.ytimg.com/vi/pJQh5c5i09A/hqdefault.jpg,580200,1852.0,0
I7u54-gI0qA,Violetta Konzert München 26. März 2015 Olympiahalle,https://i.ytimg.com/vi/I7u54-gI0qA/hqdefault.jpg,9637,97.0,0
lrTkht9yadI,Chammak Challo - Foulilaba Ft Fruta Remix (Dj-tech),https://i.ytimg.com/vi/lrTkht9yadI/hqdefault.jpg,11772,59.0,0
bivGLe9lmpg,1970 Mercedes Benz 280SE *TO BE AUCTIONED ONLINE*,https://i.ytimg.com/vi/bivGLe9lmpg/hqdefault.jpg,1243,4.0,0
QbECOAKvzDs,modernline drift trike wheels basic wheel - kart wheel upgrade,https://i.ytimg.com/vi/QbECOAKvzDs/hqdefault.jpg,75995,208.0,1
a6RbRZmVQDQ,l4d2 EP.1 รั่ว (วิ่งควาย),https://i.ytimg.com/vi/a6RbRZmVQDQ/hqdefault.jpg,6298,20.0,0
je0Wf8Ip0MQ,MLP| Rainbow Dash's River Adventure PART 2,https://i.ytimg.com/vi/je0Wf8Ip0MQ/hqdefault.jpg,7154,97.0,1
B0iBnIzNRmU,[eNuri.com] 애플아이패드2.mp4,https://i.ytimg.com/vi/B0iBnIzNRmU/hqdefault.jpg,4995,0.0,1
HyqmUSqUMk8,Minecraft Wallpaper | Minecraft Phone,https://i.ytimg.com/vi/HyqmUSqUMk8/hqdefault.jpg,3720,82.0,1
B3gHd-R9ItM,rebeldes hsbc arena 28/01,https://i.ytimg.com/vi/B3gHd-R9ItM/hqdefault.jpg,2173,7.0,0
2Yv68eUZhLs,Kevin Windham's Outdoor Track 2013,https://i.ytimg.com/vi/2Yv68eUZhLs/hqdefault.jpg,7129,8.0,0
6ltEG7Zy3qc,inwood crew edit,https://i.ytimg.com/vi/6ltEG7Zy3qc/hqdefault.jpg,2768,4.0,0
2v7aBoRK7lI,اقوى رجل بالعرب الحداد كويتي بعض التمارين 3,https://i.ytimg.com/vi/2v7aBoRK7lI/hqdefault.jpg,4442,10.0,0
9dK8owgUMsk,Game Grumps Compilation: OH IT'S A- Part 2!,https://i.ytimg.com/vi/9dK8owgUMsk/hqdefault.jpg,98225,1651.0,0
ZmKlg35piN0,Biompedenziometria Studio di Nutrizione dr. Alberto Buttari,https://i.ytimg.com/vi/ZmKlg35piN0/hqdefault.jpg,3724,10.0,0
hjr85NDS1eQ,"Pui Pui - Noi nu vrei sa dormi, pentru copii",https://i.ytimg.com/vi/hjr85NDS1eQ/hqdefault.jpg,5828,5.0,1
IQfGWxdKKrY,100% de DESTRUIÇÃO COM P.E.K.K.AS no Clash of Clans,https://i.ytimg.com/vi/IQfGWxdKKrY/hqdefault.jpg,97140,4137.0,0
y2aSVF-_k2E,Lego Batman Wall Stickers Complete Pack,https://i.ytimg.com/vi/y2aSVF-_k2E/hqdefault.jpg,1654,10.0,0
x0QxlxW3808,Mike Gee Kustoms Spalted Maple Thinline Twangcaster  (customer neck),https://i.ytimg.com/vi/x0QxlxW3808/hqdefault.jpg,2858,7.0,0
G7hQiv-9dhM,Legendary Baby Maker - Borderlands 2,https://i.ytimg.com/vi/G7hQiv-9dhM/hqdefault.jpg,125728,573.0,0
TFYIjEmPfZc,8.12.11 ЦСК ВВС - Буран 1:6,https://i.ytimg.com/vi/TFYIjEmPfZc/hqdefault.jpg,1168,1.0,1
g0azOxdI6-U,Adventure time - Girls Run the world,https://i.ytimg.com/vi/g0azOxdI6-U/hqdefault.jpg,2793,15.0,0
IzXeHROpAxY,"SUNS ""Little Horn"" Live @ Buzzbin Shop in Canton",https://i.ytimg.com/vi/IzXeHROpAxY/hqdefault.jpg,6205,12.0,0
X-Hc6AjyUUY,Warlock Soloing in PP (Rappelz),https://i.ytimg.com/vi/X-Hc6AjyUUY/hqdefault.jpg,4774,7.0,0
tuOsxGzsvG8,"Bollywood Dancers at Holi Festival in NYC March 20, 2011",https://i.ytimg.com/vi/tuOsxGzsvG8/hqdefault.jpg,1473,6.0,0
anwTFxoiQ3Y,생활의 달인 381회 #6,https://i.ytimg.com/vi/anwTFxoiQ3Y/hqdefault.jpg,53574,125.0,1
h36G8w7H2XQ,VL2011 apertura - caifanes,https://i.ytimg.com/vi/h36G8w7H2XQ/hqdefault.jpg,2383,6.0,1
Ed2mJ0yF8P4,Pazza Inter amala,https://i.ytimg.com/vi/Ed2mJ0yF8P4/hqdefault.jpg,5682,5.0,0
TdYt88OwfEI,Hôtel Asterias Village Resort 4*,https://i.ytimg.com/vi/TdYt88OwfEI/hqdefault.jpg,7120,7.0,0
C9TbtZzZZK8,Soul Eater Az élet Halálvárosban 5. rész,https://i.ytimg.com/vi/C9TbtZzZZK8/hqdefault.jpg,2789,19.0,0
__5VrTJFWjw,[ОВПН] Звездные войны и Ночной беглец,https://i.ytimg.com/vi/__5VrTJFWjw/hqdefault.jpg,188965,8542.0,0
2WkCin0P9Pw,Sébastian Buemi and Jaime Alguersuari learning to fly. Singapore iFly,https://i.ytimg.com/vi/2WkCin0P9Pw/hqdefault.jpg,2868,17.0,0
QzHF_VxCpZ8,Mercedes S wymiana tylnego amortyzatora VIDEO,https://i.ytimg.com/vi/QzHF_VxCpZ8/hqdefault.jpg,21146,28.0,0
VIbRbYqDGSY,Żar Fala Grudzień 2011r.,https://i.ytimg.com/vi/VIbRbYqDGSY/hqdefault.jpg,2620,17.0,1
4gPueEYsN94,Живая изгородь своими руками,https://i.ytimg.com/vi/4gPueEYsN94/hqdefault.jpg,94040,244.0,0
e4MFo9hIznE,Trivium // Black (OFFICIAL LYRIC VIDEO),https://i.ytimg.com/vi/e4MFo9hIznE/hqdefault.jpg,21862,238.0,1
fUj-Uu0zUGo,Masum FLow [ Pişmanım ] 2015 Adıyaman HD KLİP.,https://i.ytimg.com/vi/fUj-Uu0zUGo/hqdefault.jpg,2345,25.0,1
VpjARfvn7aQ,How to get Cinema 4D R13 32/64 bit for Free [Voice Tutorial],https://i.ytimg.com/vi/VpjARfvn7aQ/hqdefault.jpg,24550,220.0,0
nOqU5nhr7ug,Samsung Galaxy Tab Home Screens & Game & Web Page,https://i.ytimg.com/vi/nOqU5nhr7ug/hqdefault.jpg,2202,6.0,0
9qbMojG4Rss,Ravencrest server down again what do you think ?,https://i.ytimg.com/vi/9qbMojG4Rss/hqdefault.jpg,6208,120.0,0
o3QKfc1vOJ0,GYPSON DOIT BAILA SI TE ATREVES OFICIAL VIDEO,https://i.ytimg.com/vi/o3QKfc1vOJ0/hqdefault.jpg,4509,35.0,0
u7VnUD3Rn6U,"WMMT4 kuching,malaysia PERFECT KING*ACE*(9year-old boy)",https://i.ytimg.com/vi/u7VnUD3Rn6U/hqdefault.jpg,2058,7.0,0
4DVjegoHYA8,キャラ紹介プロモ映像「隠しキャラ除く」発売中！,https://i.ytimg.com/vi/4DVjegoHYA8/hqdefault.jpg,8419,7.0,1
kUuWicKSXLw,CartuDrifting @R2 of King of Europe Drift ProSeries 2014,https://i.ytimg.com/vi/kUuWicKSXLw/hqdefault.jpg,2162,31.0,0
aETXuxNLMaI,Chokie Is Back 2/2,https://i.ytimg.com/vi/aETXuxNLMaI/hqdefault.jpg,1825,4.0,0
7bI2bPNt5-U,超乎一切-武界長老教會青少年團契,https://i.ytimg.com/vi/7bI2bPNt5-U/hqdefault.jpg,4827,52.0,0
6V7GhvsxxGg,[Presentando...MW2 2d] Un juego sencillamente divertido,https://i.ytimg.com/vi/6V7GhvsxxGg/hqdefault.jpg,2785,8.0,0
nV1lSlGP73Q,首輪の女の子がひどい目にあう話【自主制作アニメ】,https://i.ytimg.com/vi/nV1lSlGP73Q/hqdefault.jpg,18936,14.0,0
54kScCQ0a9g,"Nibiru, planeta x ?",https://i.ytimg.com/vi/54kScCQ0a9g/hqdefault.jpg,4661,18.0,0
HAk8WqplxIM,Batman Arkham City (PC) Unboxing - Edycja Kolekcjonerska - Kolekcjonerzy - #43 -,https://i.ytimg.com/vi/HAk8WqplxIM/hqdefault.jpg,5132,93.0,0
lKJwZZ7DUms,Snowboarding Scrubville - Buck Hill Edit,https://i.ytimg.com/vi/lKJwZZ7DUms/hqdefault.jpg,2965,4.0,0
bD4L9TnUZ2g,Parlante Speaker Minions USB Radio,https://i.ytimg.com/vi/bD4L9TnUZ2g/hqdefault.jpg,120154,161.0,0
CvjK4tVSWlM,فرحة وطن بفوز المنتخب العماني بخليجي 19 الجزء الثاني,https://i.ytimg.com/vi/CvjK4tVSWlM/hqdefault.jpg,8004,21.0,0
NlnGwR3HG_4,Gabi & Dieter kommentieren das WM-Finale!,https://i.ytimg.com/vi/NlnGwR3HG_4/hqdefault.jpg,290271,12573.0,0
nl5Qa8uiMM4,Manajj Tribute - Hall of fame,https://i.ytimg.com/vi/nl5Qa8uiMM4/hqdefault.jpg,136785,3770.0,0
sT5EuNSPRCo,french bulldog puppy 生後45日　パパも仲間に入れてほしーいの。,https://i.ytimg.com/vi/sT5EuNSPRCo/hqdefault.jpg,7078,23.0,0
xeWwS2mc5Bk,RHYDIAN - READING 29/05/09- I will Do Any Thing For Love & Not A Dry Eye In The House,https://i.ytimg.com/vi/xeWwS2mc5Bk/hqdefault.jpg,3163,21.0,0
i12TpRxtHio,"""Обзор"" туалетной бумаги :)",https://i.ytimg.com/vi/i12TpRxtHio/hqdefault.jpg,2298,47.0,0
NcOMCAuIwCw,BABADO NOVO - COCHE - RIO DAS OSTRAS - RJ,https://i.ytimg.com/vi/NcOMCAuIwCw/hqdefault.jpg,1877,8.0,0
Kk8jkPe-BVI,Luxtorpeda - Autystyczny (Live Jarocin Festiwal 2011) HD,https://i.ytimg.com/vi/Kk8jkPe-BVI/hqdefault.jpg,10979,33.0,0
6oMWPALRwLI,Flashlight Brown on MTV - Sicker,https://i.ytimg.com/vi/6oMWPALRwLI/hqdefault.jpg,5460,21.0,1
qrbjF2DwniM,siêu máy bay vận tải thế hệ mới của Nga,https://i.ytimg.com/vi/qrbjF2DwniM/hqdefault.jpg,38329,56.0,0
Y32OHgjtHEA,Walkthrough Prince of Persia The Two Thrones part02,https://i.ytimg.com/vi/Y32OHgjtHEA/hqdefault.jpg,183980,170.0,0
inMoC_FjGVs,Papa Roach - Not That Beautiful - Drum Cover by Robert Nilsson,https://i.ytimg.com/vi/inMoC_FjGVs/hqdefault.jpg,4244,103.0,0
ybdDsPDK1CY,Mother Teresa Brass Band,https://i.ytimg.com/vi/ybdDsPDK1CY/hqdefault.jpg,9964,59.0,0
VRegXTVkNGI,"4 various Kinder Surprise Eggs, Kinder, Star Wars, Barbie and SpongeBob unboxing / unwrapping",https://i.ytimg.com/vi/VRegXTVkNGI/hqdefault.jpg,7344,,0
6-7SSzhn7GM,[Fancam] SNSD in VietNam 091810-Gee (2/2),https://i.ytimg.com/vi/6-7SSzhn7GM/hqdefault.jpg,3979,9.0,0
8cbYwH5xFpc,~LuffyXNami~-She's All I Ever Had [AMV],https://i.ytimg.com/vi/8cbYwH5xFpc/hqdefault.jpg,21797,93.0,0
I412hqDKQUk,鍾漢良《後會無期》终極預告片,https://i.ytimg.com/vi/I412hqDKQUk/hqdefault.jpg,26817,77.0,0
OEEhLK3wuFs,Halo Reach Top 10 Fails,https://i.ytimg.com/vi/OEEhLK3wuFs/hqdefault.jpg,1416,7.0,0
qqQm6eGyU34,"Грузовой лифт V=1 м-с, грузоподъемность 630 кг (152)",https://i.ytimg.com/vi/qqQm6eGyU34/hqdefault.jpg,6872,17.0,0
3K2Y00yZXaI,Nenad Toskovic - Nema vise nas (Official Video  2014) HD,https://i.ytimg.com/vi/3K2Y00yZXaI/hqdefault.jpg,14388,151.0,1
9sFGCJp_zWc,The Binding Of Isaac Rebirth,https://i.ytimg.com/vi/9sFGCJp_zWc/hqdefault.jpg,4637,65.0,1
pbqA1mmlkXM,FIFA 13 - Career Mode - #14 - Shouldn't He Be 5* Skill?,https://i.ytimg.com/vi/pbqA1mmlkXM/hqdefault.jpg,13240,449.0,0
z7lWjFVZ_oQ,Những pha tai nạn hài hước,https://i.ytimg.com/vi/z7lWjFVZ_oQ/hqdefault.jpg,98289,14.0,0
lIbc8Cinq5Y,Blue Drag,https://i.ytimg.com/vi/lIbc8Cinq5Y/hqdefault.jpg,6660,36.0,0
j0geiTX0Ldg,How to get winter camo in Mw3,https://i.ytimg.com/vi/j0geiTX0Ldg/hqdefault.jpg,90567,213.0,1
J0Tcj17hIfM,Minecraft: Best Unclaimed Bases for Multiplayer,https://i.ytimg.com/vi/J0Tcj17hIfM/hqdefault.jpg,1714,19.0,0
8N8WR_PpiKw,Descargar Cadillacs and Dinosaurs Portable [MF] [1 Link],https://i.ytimg.com/vi/8N8WR_PpiKw/hqdefault.jpg,21248,88.0,0
KkbR-dhKo6M,NDP 2002- Choir Practice,https://i.ytimg.com/vi/KkbR-dhKo6M/hqdefault.jpg,1922,5.0,0
00_cVplmo5Y,08. DJ Selas Sesion Julio 2014,https://i.ytimg.com/vi/00_cVplmo5Y/hqdefault.jpg,2425,13.0,0
kCSj7viMAQA,Computer Control of McKinley Railway,https://i.ytimg.com/vi/kCSj7viMAQA/hqdefault.jpg,35887,222.0,0
A0WVvLN14PY,Saturday night photoshoot,https://i.ytimg.com/vi/A0WVvLN14PY/hqdefault.jpg,2145,19.0,0
k7yelSU4zaU,"Sweet Jesus - J. Moss, ""Just James"" cd album",https://i.ytimg.com/vi/k7yelSU4zaU/hqdefault.jpg,24009,124.0,0
IC9k4hrDRi0,"Local Style - Surfing Uluwatu, Bali - Ep 1",https://i.ytimg.com/vi/IC9k4hrDRi0/hqdefault.jpg,110560,221.0,1
JHmqxY2CP_w,Campeonato Mineiro de Kung Fu 2007 - luta atleta Daniel,https://i.ytimg.com/vi/JHmqxY2CP_w/hqdefault.jpg,8941,3.0,0
N7BMX0IqOis,Чит на BF 3 и MOHW,https://i.ytimg.com/vi/N7BMX0IqOis/hqdefault.jpg,7946,26.0,1
uEzpeYc6eNs,Jumping around the town,https://i.ytimg.com/vi/uEzpeYc6eNs/hqdefault.jpg,13869,48.0,0
fPDiZ7r36Zg,"Skiing on Amazzonia (black run), Jan. 2015 - Madonna di Campiglio (Italy)",https://i.ytimg.com/vi/fPDiZ7r36Zg/hqdefault.jpg,21428,38.0,0
15uD10eTJ5s,Somerset High School Championship Cheerleaders,https://i.ytimg.com/vi/15uD10eTJ5s/hqdefault.jpg,4416,4.0,0
YIq4kxcVcoU,The Dark Knight Rises ost - 14.Ending Credits,https://i.ytimg.com/vi/YIq4kxcVcoU/hqdefault.jpg,13326,50.0,0
KkEq0XtI6jE,2014/5/18 関西学院大学vs京都学園大学 関西学生サッカー選手権4回戦,https://i.ytimg.com/vi/KkEq0XtI6jE/hqdefault.jpg,3064,4.0,1
LjJiprKN0Ng,"""Masters of the Dance"" - деца, с. Драгичево - Пирински танц",https://i.ytimg.com/vi/LjJiprKN0Ng/hqdefault.jpg,2692,9.0,0
IycDa1376Io,tutorial como germinar semillas y preparar el sustrato,https://i.ytimg.com/vi/IycDa1376Io/hqdefault.jpg,2890,0.0,0
NtmSrd1QDPU,ultimate mortal kombat 3 8 player  tournament,https://i.ytimg.com/vi/NtmSrd1QDPU/hqdefault.jpg,4618,22.0,0
VMUyekLpius,How to Reset Honda Oil Life Dashboard Indicator,https://i.ytimg.com/vi/VMUyekLpius/hqdefault.jpg,4414,9.0,1
wMtRWRO9hew,Karl Pilkington Black Ops Emblem Tutorial,https://i.ytimg.com/vi/wMtRWRO9hew/hqdefault.jpg,15454,120.0,0
RuR5b_8zD34,Домашняя пивоварня,https://i.ytimg.com/vi/RuR5b_8zD34/hqdefault.jpg,70447,52.0,1
ad9Bf9OUg5c,Alexstrasza and Deathwing Encounter 2 (World of Warcraft),https://i.ytimg.com/vi/ad9Bf9OUg5c/hqdefault.jpg,3327,5.0,1
GVaE4yeEDpo,red vs blue i am the best (ft THE ELITES)  (EXTENDED),https://i.ytimg.com/vi/GVaE4yeEDpo/hqdefault.jpg,1452,10.0,0
yoPZjhOl9a4,Julie Zenatti - A la recherche de la diva (Making of),https://i.ytimg.com/vi/yoPZjhOl9a4/hqdefault.jpg,8796,59.0,1
N_2ys1TPipE,Lotus Elise  Top Gear,https://i.ytimg.com/vi/N_2ys1TPipE/hqdefault.jpg,16771,8.0,0
aPd8hOWt3WY,"창원초등학교 '산새가 아침을, 도라지꽃(박지훈 곡)' 대회영상 #1",https://i.ytimg.com/vi/aPd8hOWt3WY/hqdefault.jpg,3978,19.0,1
yRcEQ-WicFQ,箱入り猫 ２(=^・^=)　cat in the box ２,https://i.ytimg.com/vi/yRcEQ-WicFQ/hqdefault.jpg,5541,42.0,0
9C9cKFuhD3c,Fixed Gear Documentary :: Stay Loosen Crew,https://i.ytimg.com/vi/9C9cKFuhD3c/hqdefault.jpg,13335,22.0,1
pYBMqL4Llp0,FISHERMEN/First Fall Striped Bass Fishing Video 10/23/13,https://i.ytimg.com/vi/pYBMqL4Llp0/hqdefault.jpg,1875,10.0,0
yoChntRYsQ4,Hard to Handle Black Crowes Cover,https://i.ytimg.com/vi/yoChntRYsQ4/hqdefault.jpg,31247,79.0,0
81_8v1HU-Y8,Lung Nop Na - Sang Pui,https://i.ytimg.com/vi/81_8v1HU-Y8/hqdefault.jpg,5849,14.0,0
FhCjKg3SJ7A,X Made Alcoholic Santaclaus - Throw away tonight (OFFICIAL VIDEO）,https://i.ytimg.com/vi/FhCjKg3SJ7A/hqdefault.jpg,9672,166.0,1
9p1253k0IUY,Amacker Treestands Story,https://i.ytimg.com/vi/9p1253k0IUY/hqdefault.jpg,6565,9.0,0
ykOE4Dge89g,A Branca de Neve no Gelo - 1º Ensaio,https://i.ytimg.com/vi/ykOE4Dge89g/hqdefault.jpg,7566,37.0,0
-L20wtkAFOs,HOMENAGEM AO CASAMENTO DE THAIS LARISSA,https://i.ytimg.com/vi/-L20wtkAFOs/hqdefault.jpg,4787,9.0,0
7yz8pXVbBhQ,اسلام فانتا ارض الماوى وشارع 8 2014,https://i.ytimg.com/vi/7yz8pXVbBhQ/hqdefault.jpg,14107,28.0,1
_lXOocBS2Vg,"HOW TO MAKE BANANA, CHOCOLATE AND RASPBERRY PANCAKES- HEALTHY RECIPE",https://i.ytimg.com/vi/_lXOocBS2Vg/hqdefault.jpg,17810,404.0,1
8bklgf58y3k,Curage étang FD (2011),https://i.ytimg.com/vi/8bklgf58y3k/hqdefault.jpg,26683,10.0,0
xuNZTdGfKhY,Devil May Cry 4 Cutscenes - 46 - Just out of Reach [HD][1080p].avi,https://i.ytimg.com/vi/xuNZTdGfKhY/hqdefault.jpg,1462,11.0,0
K-YjdStj5X4,Norfolk Southern 22J and 11J,https://i.ytimg.com/vi/K-YjdStj5X4/hqdefault.jpg,1963,7.0,0
CKcnFOFDPxo,Bike park La Bresse 2014 // GoPro HERO 3,https://i.ytimg.com/vi/CKcnFOFDPxo/hqdefault.jpg,7483,38.0,0
7kdnsy0kSGA,vak-f1 ultras,https://i.ytimg.com/vi/7kdnsy0kSGA/hqdefault.jpg,1543,5.0,1
0w9Gdes8A20,07 - Mourner's Kaddish.wmv,https://i.ytimg.com/vi/0w9Gdes8A20/hqdefault.jpg,1977,5.0,1
e0ikT5z2DuQ,Alitas de pollo agridulces con ensalada fresca Parte 1,https://i.ytimg.com/vi/e0ikT5z2DuQ/hqdefault.jpg,8022,43.0,0
5ShcVtlX4b0,علال القادوس وما قاله عن مدينة وزان,https://i.ytimg.com/vi/5ShcVtlX4b0/hqdefault.jpg,10848,70.0,0
dCuLghrDglY,Bộ tứ 10A8 - Tập 193 - Eric trở lại,https://i.ytimg.com/vi/dCuLghrDglY/hqdefault.jpg,142297,130.0,0
yUTwJ72jJhk,or,https://i.ytimg.com/vi/yUTwJ72jJhk/hqdefault.jpg,1392,1.0,1
9HdjvklIQEQ,GoPro kdf 150 f & pit bike 125 f muds water wheeli,https://i.ytimg.com/vi/9HdjvklIQEQ/hqdefault.jpg,17071,43.0,0
eARBsTukEPw,NBHS Concert Chorale 2004 God Bless America,https://i.ytimg.com/vi/eARBsTukEPw/hqdefault.jpg,1755,5.0,1
MM6pUMQ_rUA,Gavin DeGraw - Make a Move (Live),https://i.ytimg.com/vi/MM6pUMQ_rUA/hqdefault.jpg,2712,16.0,0
sgfd_0VbSGc,"Un maréchal ferrant pour mon âne à Retournac, au sud de l'Auvergne",https://i.ytimg.com/vi/sgfd_0VbSGc/hqdefault.jpg,3472,5.0,0
1zORonGM4dU,"You're Gonna Go Far, Kid - Drum Cover - AM",https://i.ytimg.com/vi/1zORonGM4dU/hqdefault.jpg,1496,18.0,0
mTAybfyWAIg,Green River Fatbike Ride,https://i.ytimg.com/vi/mTAybfyWAIg/hqdefault.jpg,16813,75.0,1
77iuZ8_AadM,Frei (Original Song),https://i.ytimg.com/vi/77iuZ8_AadM/hqdefault.jpg,2986,14.0,0
P3OsejtzWWY,‪☠‬ DIY Sugar Skull Hair Clips ‪☠‬,https://i.ytimg.com/vi/P3OsejtzWWY/hqdefault.jpg,12732,348.0,0
7UXYiOWgnT0,로보카폴리 플레이파크,https://i.ytimg.com/vi/7UXYiOWgnT0/hqdefault.jpg,5111,4.0,0
WzIjc257L8A,MORENO - O meia esquerda do América do RJ nos anos 80,https://i.ytimg.com/vi/WzIjc257L8A/hqdefault.jpg,11146,168.0,1
B9mfWYI9Kpc,Scuola freestyle Sport Saggio full monty by Nunzio McReynald﻿ Metropolitan Catania,https://i.ytimg.com/vi/B9mfWYI9Kpc/hqdefault.jpg,5778,14.0,0
by-BvdQdJZA,Gabriel D Giurfa,https://i.ytimg.com/vi/by-BvdQdJZA/hqdefault.jpg,2291,29.0,1
mVcpNEg1RtI,COMMERCIAL TV - Sweepo - The Set Up Freestyle [Net Video],https://i.ytimg.com/vi/mVcpNEg1RtI/hqdefault.jpg,29036,140.0,0
v-plutO9eeI,rc pusher tug,https://i.ytimg.com/vi/v-plutO9eeI/hqdefault.jpg,2015,7.0,0
FKl6J5-Nh44,"NTNM ep8 - Meet Dr. Quease, Part 3/3",https://i.ytimg.com/vi/FKl6J5-Nh44/hqdefault.jpg,44764,152.0,0
OmuGCxfPSBg,"FEIT Electric ""The Original"" 1880s Edison Light Bulb replica",https://i.ytimg.com/vi/OmuGCxfPSBg/hqdefault.jpg,38132,220.0,0
Xhm9R7pjnx4,Orion Rhythm Lesson 2/2,https://i.ytimg.com/vi/Xhm9R7pjnx4/hqdefault.jpg,8790,27.0,0
bCj8UdmMI24,2013 Y.P. Cai Hall Registration Day Promotion Video 《Cai Everywhere》,https://i.ytimg.com/vi/bCj8UdmMI24/hqdefault.jpg,5327,21.0,0
eaYN6jrxuzI,Eurofighter Typhoon 2008,https://i.ytimg.com/vi/eaYN6jrxuzI/hqdefault.jpg,2715,14.0,0
Eos6k4mnAcg,Pablo Alborán - Me Iré (Lyric Video),https://i.ytimg.com/vi/Eos6k4mnAcg/hqdefault.jpg,4263341,15218.0,1
T94m3hGDNyY,Kubat   Topal  Official Full Albüm,https://i.ytimg.com/vi/T94m3hGDNyY/hqdefault.jpg,10117,18.0,1
6ELK2cEFQ78,鳳嶺三牙(狗牙嶺)-1,https://i.ytimg.com/vi/6ELK2cEFQ78/hqdefault.jpg,14965,21.0,1
4qPfPmY2MkY,Unbox Lifeproof (Gen 2) case for iPhone 4/S,https://i.ytimg.com/vi/4qPfPmY2MkY/hqdefault.jpg,6703,7.0,0
hUmwGiJvuBk,Trago Pasta Frola en Argentina - El Gourmet,https://i.ytimg.com/vi/hUmwGiJvuBk/hqdefault.jpg,1720,0.0,1
WjzNsffS3jQ,Fix Archeage Graphics Problem - Nvidia Graphics 800M Series,https://i.ytimg.com/vi/WjzNsffS3jQ/hqdefault.jpg,21619,100.0,0
uH0HOVUNs5w,Vamos al zoológico,https://i.ytimg.com/vi/uH0HOVUNs5w/hqdefault.jpg,4557,6.0,1
wUegCPEEsZs,PUMAS PRIMER PARTIDO 5 AGOSTO 07 BARRA LOKA,https://i.ytimg.com/vi/wUegCPEEsZs/hqdefault.jpg,1305,4.0,0
wktTKMRBwZg,How to Make Flaked Stone Tools Knapping #4,https://i.ytimg.com/vi/wktTKMRBwZg/hqdefault.jpg,4767,8.0,1
tgpd5Mhs4hQ,Dj Rocko  -  Put Ur Hands Up,https://i.ytimg.com/vi/tgpd5Mhs4hQ/hqdefault.jpg,7012,8.0,0
1gtSvRmPqrY,König Der Löwen - Hakuna Matata,https://i.ytimg.com/vi/1gtSvRmPqrY/hqdefault.jpg,3954786,6526.0,1
u-HufttQYoY,Kickboxen Training - Fitness VS Kampfsport - Goeerki in Gefahr,https://i.ytimg.com/vi/u-HufttQYoY/hqdefault.jpg,30225,794.0,1
Q6BeWu4Lz9k,[Minefield] La conquête de Dark Tyroine - Episode 3,https://i.ytimg.com/vi/Q6BeWu4Lz9k/hqdefault.jpg,2951,118.0,0
XiHYFAJVBFI,Hollywood Virgin Remy review : ),https://i.ytimg.com/vi/XiHYFAJVBFI/hqdefault.jpg,4961,14.0,1
oUm3zzXfz_E,Ted Polk Middle School Symphonic Band - Big Circus March (5/15/10),https://i.ytimg.com/vi/oUm3zzXfz_E/hqdefault.jpg,1302,7.0,0
r9eyTcYLz9Y,INDIA: Inflation hits Bollywood,https://i.ytimg.com/vi/r9eyTcYLz9Y/hqdefault.jpg,1377,,0
FSKV133v_gU,Village de Megève Ville -  Mont Blanc -  Haute Savoie - Angelis Quelques Notes Pour Anna - HD / HQ,https://i.ytimg.com/vi/FSKV133v_gU/hqdefault.jpg,12225,41.0,0
rGulT7Q8Goo,US OPEN W Final 72kg - Ali Bernard vs. Iris Smith,https://i.ytimg.com/vi/rGulT7Q8Goo/hqdefault.jpg,2557,2.0,0
6gBUZ0Iea2E,Spongebob sings Blurred Lines by Robin Thicke,https://i.ytimg.com/vi/6gBUZ0Iea2E/hqdefault.jpg,13643,42.0,1
lx71-ltxNcg,DIY Anamorphe Lensflares,https://i.ytimg.com/vi/lx71-ltxNcg/hqdefault.jpg,4386,115.0,0
RpvUK-JDrEk,2011 FarmLinks Christmas Greeting,https://i.ytimg.com/vi/RpvUK-JDrEk/hqdefault.jpg,2708,10.0,0
GwdEIvbf_8M,Артём Татищевский - Месяца (Live),https://i.ytimg.com/vi/GwdEIvbf_8M/hqdefault.jpg,6256,11.0,1
k4we53niJBs,U2 Sheffield 360 Tour (ULTRAVIOLET) Light My Way Aug 20 2009,https://i.ytimg.com/vi/k4we53niJBs/hqdefault.jpg,10436,15.0,0
cADk1aqF9Wc,Резекне.AUDI Q7 в угоне.,https://i.ytimg.com/vi/cADk1aqF9Wc/hqdefault.jpg,92343,,0
_8DtnNK-7PA,dj boonie- jus and old boyfriend,https://i.ytimg.com/vi/_8DtnNK-7PA/hqdefault.jpg,3955,5.0,0
0xWbg33sv08,Team Trouble Trouble - Iggy Azalea DWTS 4 20 2015,https://i.ytimg.com/vi/0xWbg33sv08/hqdefault.jpg,86102,570.0,1
aOmkvBsIGtc,Skalbimo mašina Atlant 70C107,https://i.ytimg.com/vi/aOmkvBsIGtc/hqdefault.jpg,17201,25.0,0
WTqBGKzVmBo,Ярослав - бой с Харальдом/Yaroslav-Harald.wmv,https://i.ytimg.com/vi/WTqBGKzVmBo/hqdefault.jpg,115705,525.0,0
oNWyLmUMwow,Форумный №4 Z160,https://i.ytimg.com/vi/oNWyLmUMwow/hqdefault.jpg,3593,70.0,1
DeXEw4qgqhs,Bay lên nhé nụ cười 10a1 Thpt A Bl,https://i.ytimg.com/vi/DeXEw4qgqhs/hqdefault.jpg,13998,23.0,0
bRLN749iRMs,阪神・貸切列車「石屋川エクスプレス」o(^▽^)o,https://i.ytimg.com/vi/bRLN749iRMs/hqdefault.jpg,1745,3.0,0
44ywMuHIKbY,"How About a Song? ""An Unwavering Heart"" [Pokémon: X & Y]",https://i.ytimg.com/vi/44ywMuHIKbY/hqdefault.jpg,10433,282.0,0
HhBcWzrSt8w,"Corinthians 5x0 Marília - Brasileiro ""Série B"" 2008",https://i.ytimg.com/vi/HhBcWzrSt8w/hqdefault.jpg,4677,24.0,0
0TX-szP4SCA,Thanksgiving/Holiday Party Outfit Ideas,https://i.ytimg.com/vi/0TX-szP4SCA/hqdefault.jpg,3637,24.0,0
yBfy8-Nfmno,U-Haul Truck Sales Showcase,https://i.ytimg.com/vi/yBfy8-Nfmno/hqdefault.jpg,18483,97.0,0
LNGeATt0eSY,alphaville-forever young,https://i.ytimg.com/vi/LNGeATt0eSY/hqdefault.jpg,19169,13.0,0
8rceTivfqDk,Minecraft Tekkit - Non Premium 3.1.2,https://i.ytimg.com/vi/8rceTivfqDk/hqdefault.jpg,10426,24.0,0
qIY-Jxrx7FQ,The Great American Scream Machine,https://i.ytimg.com/vi/qIY-Jxrx7FQ/hqdefault.jpg,24640,20.0,0
xEuBdFHdxWo,03 Wszystko czego dziś chcę - Budka Suflera (35 Lecie) 2009,https://i.ytimg.com/vi/xEuBdFHdxWo/hqdefault.jpg,239951,370.0,0
vs4bNxjIIgk,Nikon D5300 w/ AF-S DX NIKKOR 18-140mm f/3.5-5.6G ED VR lens (Photo & Video Test),https://i.ytimg.com/vi/vs4bNxjIIgk/hqdefault.jpg,4968,12.0,0
mG8EiZ5sLAo,"""Home Run Hitler"" is Worst Yearbook Error EVER",https://i.ytimg.com/vi/mG8EiZ5sLAo/hqdefault.jpg,3347,85.0,0
MHC3p6bXm7o,barbie e porta secreta musica voce esta aqui audio,https://i.ytimg.com/vi/MHC3p6bXm7o/hqdefault.jpg,34942,266.0,0
EHkmGD2e98c,"PATENT TV KONCERT ""TRZEBA POMAGAC SWOIM"" GENIO NORM 2010 cz1",https://i.ytimg.com/vi/EHkmGD2e98c/hqdefault.jpg,2607,13.0,0
92F04nGYC8c,"Rogue's Gallery  - Standard Mono Black Aggro (Match 1, Game 3)",https://i.ytimg.com/vi/92F04nGYC8c/hqdefault.jpg,2710,6.0,0
ZVHm02FeCH8,Star Trek:TNG; Riker hawks some lame sh!t,https://i.ytimg.com/vi/ZVHm02FeCH8/hqdefault.jpg,161406,306.0,1
e49kieSYCAo,Papa Roach - Last Resort (Guitar & Drums cover),https://i.ytimg.com/vi/e49kieSYCAo/hqdefault.jpg,10064,51.0,0
VIFtH88Ot7c,cinco siglos igual-ANIMAL(cover),https://i.ytimg.com/vi/VIFtH88Ot7c/hqdefault.jpg,24432,64.0,0
p2EKyifqwoA,ICP JCW MUSIC VIDEO,https://i.ytimg.com/vi/p2EKyifqwoA/hqdefault.jpg,9646,42.0,1
I6Zq229SzOw,"Dance, to Boogie Beebies",https://i.ytimg.com/vi/I6Zq229SzOw/hqdefault.jpg,6524,3.0,1
r2Cd3QgueOg,ไกรทอง-ขมินทอง หัวดงรอบรอง-wmv.wmv,https://i.ytimg.com/vi/r2Cd3QgueOg/hqdefault.jpg,13908,46.0,0
0uaq7rDhg8s,"Stage 6 of the new ""Get Connected"" Neath Valley Stages Rally",https://i.ytimg.com/vi/0uaq7rDhg8s/hqdefault.jpg,1059,2.0,0
jDhRARxFhks,EXTREME DISC DRIVES II.wmv,https://i.ytimg.com/vi/jDhRARxFhks/hqdefault.jpg,5439,6.0,0
gfKaurlNG1A,Best AR-15 Pistol Ever? - Tactical Armament AR-15 Pistol Review,https://i.ytimg.com/vi/gfKaurlNG1A/hqdefault.jpg,465583,3239.0,0
xIFLXau0yso,♡ Como aplicar maquillaje en aerosol con Belletto Studio ♡,https://i.ytimg.com/vi/xIFLXau0yso/hqdefault.jpg,5536,32.0,1
tfKzv8EwdkU,Ecstasio - Lluvia Nocturna / Night Rain (LISN Music Promo Only),https://i.ytimg.com/vi/tfKzv8EwdkU/hqdefault.jpg,1436,,0
ARuwl-99Xn8,Journey - Open Arms - Norway Oslo 2009 HD,https://i.ytimg.com/vi/ARuwl-99Xn8/hqdefault.jpg,13669,156.0,1
K4kzIzueDmk,Proyecto Fusion,https://i.ytimg.com/vi/K4kzIzueDmk/hqdefault.jpg,7516,22.0,1
6Wmsg2V7OWs,JD's Graduation University of East London JULY 2009,https://i.ytimg.com/vi/6Wmsg2V7OWs/hqdefault.jpg,1358,0.0,0
skIhoVWVB84,Tolu Akinwumi Highlights (athlete),https://i.ytimg.com/vi/skIhoVWVB84/hqdefault.jpg,1465,1.0,0
JdQEAqUXfbQ,20111017-122227.mpg,https://i.ytimg.com/vi/JdQEAqUXfbQ/hqdefault.jpg,5335,26.0,1
SWMxSdcLsHg,RC Combat Robot Wars - Carcinus v Binky v Devils Coach Horse - 2014 Fighting Robots FW Champs Q6 #8,https://i.ytimg.com/vi/SWMxSdcLsHg/hqdefault.jpg,5934,7.0,1
9GucHcm1Wes,"[Fancam] 100905 2PM Encore Concert in Seoul ""Crazy4S"" - Nichkhun ver.",https://i.ytimg.com/vi/9GucHcm1Wes/hqdefault.jpg,6059,40.0,0
90U40MYFndA,Gmod - Half-Dumb Episode 4,https://i.ytimg.com/vi/90U40MYFndA/hqdefault.jpg,4375,27.0,0
OQUmaGekkUY,Sachs MadAss 125CC Review,https://i.ytimg.com/vi/OQUmaGekkUY/hqdefault.jpg,203055,547.0,0
j7caW4ulgQQ,Swampfest 08 mud bog,https://i.ytimg.com/vi/j7caW4ulgQQ/hqdefault.jpg,3346,6.0,0
ibbPE8caMvY,"""Dangerous Team"" - RCK Ryn - Czerwony Kapturek",https://i.ytimg.com/vi/ibbPE8caMvY/hqdefault.jpg,4051,3.0,0
og-xEtWWzeA,218 Talent Show 08 African Dance,https://i.ytimg.com/vi/og-xEtWWzeA/hqdefault.jpg,1338,1.0,0
VcSIGJZXuPI,Nike Wmns Roshe Run Metric Quick Strike & Nike Roshe Run Dynamic Flyerwire,https://i.ytimg.com/vi/VcSIGJZXuPI/hqdefault.jpg,2657,19.0,1
WJwhX6UVzoE,Rotator cuff Supraspinatus muscle strengthening,https://i.ytimg.com/vi/WJwhX6UVzoE/hqdefault.jpg,37823,190.0,0
QTcMdQ1Zg9Y,Kako staviti titlove na film?,https://i.ytimg.com/vi/QTcMdQ1Zg9Y/hqdefault.jpg,139897,343.0,0
s-b1MSawtxg,2014 KTM 250 SXF TITRI PARK WAIHOLA,https://i.ytimg.com/vi/s-b1MSawtxg/hqdefault.jpg,1548,0.0,1
_KighXXWdeY,RIPD Trailer HD - R.I.P.D. 1080p (2013),https://i.ytimg.com/vi/_KighXXWdeY/hqdefault.jpg,5184,51.0,0
qKkTA6O-7Ls,Bandi parkour training,https://i.ytimg.com/vi/qKkTA6O-7Ls/hqdefault.jpg,1257,12.0,0
t8iH-pC2PcU,Taking parrotlet: A Revisit to Koolaid and Peek-a-boo,https://i.ytimg.com/vi/t8iH-pC2PcU/hqdefault.jpg,17556,216.0,0
Tqf_0zmnOTI,Воскопресс Кулакова ВПК 1,https://i.ytimg.com/vi/Tqf_0zmnOTI/hqdefault.jpg,49875,106.0,0
CbQAZ2Ws6L8,Ketu Homa - Daily Group Planetary Homa,https://i.ytimg.com/vi/CbQAZ2Ws6L8/hqdefault.jpg,7651,,0
gqPVL9ddGUM,Barnabas R.I.P. - Bordeauxdogge Dogue de Bordeaux,https://i.ytimg.com/vi/gqPVL9ddGUM/hqdefault.jpg,1271,6.0,0
eI7PBhzqcGw,gossip-tv.gr Φιλιππίδης για Μπουλά,https://i.ytimg.com/vi/eI7PBhzqcGw/hqdefault.jpg,24141,110.0,0
KYILcLyC5gU,Angry Birds In Skyrim,https://i.ytimg.com/vi/KYILcLyC5gU/hqdefault.jpg,33669,239.0,0
lDHFRGgPWCk,liisbooaA FragMovie I,https://i.ytimg.com/vi/lDHFRGgPWCk/hqdefault.jpg,12311,141.0,0
a1fORA15KTw,Rager Match Ep. 3,https://i.ytimg.com/vi/a1fORA15KTw/hqdefault.jpg,4108,172.0,0
hdU_rLFuK4c,Back Country Baja Horse Race,https://i.ytimg.com/vi/hdU_rLFuK4c/hqdefault.jpg,27913,42.0,0
oabofBmkBwA,Joe Satriani - Presto (summer) from Vivaldi Four Seasons Cover by John Finney,https://i.ytimg.com/vi/oabofBmkBwA/hqdefault.jpg,15512,73.0,0
V3ryne6vRao,Haircut and Hot Sticks,https://i.ytimg.com/vi/V3ryne6vRao/hqdefault.jpg,4128,18.0,0
OgoaHgerlQ8,Dell Latitude E5420 Review,https://i.ytimg.com/vi/OgoaHgerlQ8/hqdefault.jpg,114184,273.0,0
0f_kLefUjVQ,مركز ليبرتي الطبي دبي د مجد ناجي أنتي أجمل  20 Liberty Medical Group Dr  Majd Naji,https://i.ytimg.com/vi/0f_kLefUjVQ/hqdefault.jpg,4736,2.0,0
boDWjSAd3HU,"Wilco Jesus, Etc. (Sydney Opera House)",https://i.ytimg.com/vi/boDWjSAd3HU/hqdefault.jpg,20803,105.0,0
ay-VRh3ngqg,Indonesia - 2007 World Culture Folk Dance Competition,https://i.ytimg.com/vi/ay-VRh3ngqg/hqdefault.jpg,39765,48.0,0
8vIkLnqGP7Q,need for speed underground 2 lincoln navigator cruise gameplay,https://i.ytimg.com/vi/8vIkLnqGP7Q/hqdefault.jpg,6835,38.0,0
ca6hyxQ3cR0,30 years of 'When Animals Attack',https://i.ytimg.com/vi/ca6hyxQ3cR0/hqdefault.jpg,8289,96.0,0
NU--TiEIi6o,sparking、meteor「スーパーベジットｖｓスーパーゴジータ」,https://i.ytimg.com/vi/NU--TiEIi6o/hqdefault.jpg,3273,7.0,1
YBS7gkrNFwc,Counter Strike 1.6 (CS1.6) - TBH.ASUS vs. Mousesports (2/4),https://i.ytimg.com/vi/YBS7gkrNFwc/hqdefault.jpg,3204,5.0,0
jkkQFzbKmXc,"Robyn - Dancing On My Own [Live at O2 Shepard's Bush Empire, London, 22 Oct 2010]",https://i.ytimg.com/vi/jkkQFzbKmXc/hqdefault.jpg,2846,22.0,0
tOyT8n7WaHc,Tamer Hosny 180 Darga live,https://i.ytimg.com/vi/tOyT8n7WaHc/hqdefault.jpg,1941,11.0,0
mWiTNPFJ-_U,Toddler Cruise - Usery Mountain Regional Park,https://i.ytimg.com/vi/mWiTNPFJ-_U/hqdefault.jpg,5584,1.0,0
82Z4jedRZCA,Zac's first mma fight,https://i.ytimg.com/vi/82Z4jedRZCA/hqdefault.jpg,1822,2.0,0
sgx3M5_iFIw,[How To] Play Serious Sam BFE Online Using Greenluma Tutorial (Tunngle Optional),https://i.ytimg.com/vi/sgx3M5_iFIw/hqdefault.jpg,27819,55.0,0
s0mk6QvQQK4,Kooperierende Industrieroboter - iwb,https://i.ytimg.com/vi/s0mk6QvQQK4/hqdefault.jpg,4665,10.0,0
AJw8a51WOL4,Black Friday at Pipeline - I got mine!,https://i.ytimg.com/vi/AJw8a51WOL4/hqdefault.jpg,2483,17.0,0
H4OOBXs7wkA,Brandon Overbey Whitney Whatley Wedding Reception,https://i.ytimg.com/vi/H4OOBXs7wkA/hqdefault.jpg,1306,4.0,0
RmeTsqvGdJg,阪急三番街2011GW③仮面ライダーオーズショー,https://i.ytimg.com/vi/RmeTsqvGdJg/hqdefault.jpg,8512,,0
Wty_zwErHhU,Green Fever Teaser 2011.wmv,https://i.ytimg.com/vi/Wty_zwErHhU/hqdefault.jpg,6462,16.0,1
